Configuration,val_loss,val_acc,val_prec,val_rec
All Channels,1.3120378255844116,0.8043478260869565,0.673469387755102,0.9428571428571428
Channel 0 Only,5.1316399574279785,0.6195652173913043,0.0,0.0
Channel 1 Only,12.541111946105957,0.3804347826086957,0.3804347826086957,1.0
Channel 2 Only,1.0748354196548462,0.8260869565217391,0.6862745098039216,1.0
Channels 0 and 1,4.933964729309082,0.358695652173913,0.36363636363636365,0.9142857142857143
Channels 0 and 2,4.743718147277832,0.6086956521739131,0.0,0.0
Channels 1 and 2,7.463569164276123,0.3804347826086957,0.3804347826086957,1.0
